Product Name,Product Weight,Product Link
פטקס שימורי מזון מלא לחתולים בוגרים עם נתחי סלמון ברוטב עסיסי ,400 גרם,https://www.anipet.co.il/product/5532/פטקס-שימורי-מזון-מלא-לחתולים-בוגרים-עם-נתחי-סלמון-ברוטב-עסיסי-
פטקס שימורי מזון מלא לחתולים בוגרים עם נתחי טונה ברוטב עסיסי,405 גרם,https://www.anipet.co.il/product/5533/פטקס-שימורי-מזון-מלא-לחתולים-בוגרים-עם-נתחי-טונה-ברוטב-עסיסי
פטקס שימורי מזון מלא לחתולים בוגרים עם נתחי ברווז ברוטב עסיסי,405 גרם,https://www.anipet.co.il/product/5534/פטקס-שימורי-מזון-מלא-לחתולים-בוגרים-עם-נתחי-ברווז-ברוטב-עסיסי
פטקס שימורי מזון מלא לחתולים בוגרים עם נתחי בקר ברוטב עסיסי,405 גרם,https://www.anipet.co.il/product/5535/פטקס-שימורי-מזון-מלא-לחתולים-בוגרים-עם-נתחי-בקר-ברוטב-עסיסי
פטקס שימורי מזון מלא לחתולים בוגרים עם נתחי בשר ארנבת ברוטב עסיסי ,405 גרם,https://www.anipet.co.il/product/5536/פטקס-שימורי-מזון-מלא-לחתולים-בוגרים-עם-נתחי-בשר-ארנבת-ברוטב-עסיסי-
גו מזון יבש לחתול סקין אנד קואט עוף ,"1.4 ק""ג",https://www.anipet.co.il/product/5591/גו-מזון-יבש-לחתול-סקין-אנד-קואט-עוף-
מזון  גו סקין אנד קואט נטול דגנים לחתול סלמון,"1.36ק""ג",https://www.anipet.co.il/product/5594/מזון--גו-סקין-אנד-קואט-נטול-דגנים-לחתול-סלמון
מזון  גו סקין אנד קואט נטול דגנים לחתול סלמון,"3.63ק""ג",https://www.anipet.co.il/product/5594/מזון--גו-סקין-אנד-קואט-נטול-דגנים-לחתול-סלמון
מזון  גו סקין אנד קואט נטול דגנים לחתול סלמון,"7.26ק""ג",https://www.anipet.co.il/product/5594/מזון--גו-סקין-אנד-קואט-נטול-דגנים-לחתול-סלמון
"גו מזון יבש לחתול קרניבור עוף,הודו וברווז","1.4ק""ג",https://www.anipet.co.il/product/5597/גו-מזון-יבש-לחתול-קרניבור-עוףהודו-וברווז
"גו מזון יבש לחתול קרניבור עוף,הודו וברווז","3.7ק""ג",https://www.anipet.co.il/product/5597/גו-מזון-יבש-לחתול-קרניבור-עוףהודו-וברווז
"גו מזון יבש לחתול קרניבור עוף,הודו וברווז","7.3ק""ג",https://www.anipet.co.il/product/5597/גו-מזון-יבש-לחתול-קרניבור-עוףהודו-וברווז
גו מזון יבש לחתול קרניבור כבש וחזיר בר ,"1.4ק""ג",https://www.anipet.co.il/product/5600/גו-מזון-יבש-לחתול-קרניבור-כבש-וחזיר-בר-
גו מזון יבש לחתול קרניבור כבש וחזיר בר ,"3.7ק""ג",https://www.anipet.co.il/product/5600/גו-מזון-יבש-לחתול-קרניבור-כבש-וחזיר-בר-
גו מזון יבש לחתול קרניבור כבש וחזיר בר ,"7.3ק""ג",https://www.anipet.co.il/product/5600/גו-מזון-יבש-לחתול-קרניבור-כבש-וחזיר-בר-
גו מזון יבש לחתול קרניבור סלמון ודג קוד,"1.4ק""ג",https://www.anipet.co.il/product/5603/גו-מזון-יבש-לחתול-קרניבור-סלמון-ודג-קוד
גו מזון יבש לחתול קרניבור סלמון ודג קוד,"3.63ק""ג",https://www.anipet.co.il/product/5603/גו-מזון-יבש-לחתול-קרניבור-סלמון-ודג-קוד
גו מזון יבש לחתול קרניבור סלמון ודג קוד,"7.3ק""ג",https://www.anipet.co.il/product/5603/גו-מזון-יבש-לחתול-קרניבור-סלמון-ודג-קוד
גו מזון יבש לחתול סנסטיבטי LID ברווז נטול דגנים,"1.81ק""ג",https://www.anipet.co.il/product/5606/גו-מזון-יבש-לחתול-סנסטיבטי-LID-ברווז-נטול-דגנים
גו מזון יבש לחתול סנסטיבטי LID ברווז נטול דגנים,"3.7ק""ג",https://www.anipet.co.il/product/5606/גו-מזון-יבש-לחתול-סנסטיבטי-LID-ברווז-נטול-דגנים
גו מזון יבש לחתול סנסטיבטי LID ברווז נטול דגנים,"7.3ק""ג",https://www.anipet.co.il/product/5606/גו-מזון-יבש-לחתול-סנסטיבטי-LID-ברווז-נטול-דגנים
מזון לחתולים ג'וסרה ג'וסי קט בקר,"18 ק""ג",https://www.anipet.co.il/product/5751/מזון-לחתולים-גוסרה-גוסי-קט-בקר
מבצע זוג שקי וויסקס מזון לחתול,"1.4ק""ג",https://www.anipet.co.il/product/5753/מבצע-זוג-שקי-וויסקס-מזון-לחתול
מבצע זוג שקי וויסקס מזון לחתול,"3.8ק""ג",https://www.anipet.co.il/product/5753/מבצע-זוג-שקי-וויסקס-מזון-לחתול
מבצע זוג שקי וויסקס מזון לחתול,"7ק""ג",https://www.anipet.co.il/product/5753/מבצע-זוג-שקי-וויסקס-מזון-לחתול
אדוונס מזון יבש לחתול מעוקר/מסורס הודו,"3ק""ג",https://www.anipet.co.il/product/5857/אדוונס-מזון-יבש-לחתול-מעוקרמסורס-הודו
אדוונס מזון יבש לחתול מעוקר/מסורס הודו,"15ק""ג",https://www.anipet.co.il/product/5857/אדוונס-מזון-יבש-לחתול-מעוקרמסורס-הודו
אדוונס מזון יבש לחתול נגד כדורי פרווה הודו,"1.5 ק""ג",https://www.anipet.co.il/product/5860/אדוונס-מזון-יבש-לחתול-נגד-כדורי-פרווה-הודו
אדוונס מזון יבש לחתול צעיר מסורס/מעוקר,"1.5ק""ג",https://www.anipet.co.il/product/5861/אדוונס-מזון-יבש-לחתול-צעיר-מסורסמעוקר
שני שקי מזון יבש לחתול בוגר לה קט מיקס,"14.4 ק""ג",https://www.anipet.co.il/product/6033/שני-שקי-מזון-יבש-לחתול-בוגר-לה-קט-מיקס
זוג שקי מזון יבש לחתול בוגר לה קט עוף,"14.4 ק""ג",https://www.anipet.co.il/product/6034/זוג-שקי-מזון-יבש-לחתול-בוגר-לה-קט-עוף
זוג שקי מזון יבש לחתול בוגר לה קט גריל,"14.4 ק""ג",https://www.anipet.co.il/product/6035/זוג-שקי-מזון-יבש-לחתול-בוגר-לה-קט-גריל
זוג שקי מזון יבש לחתול בוגר לה קט דגי אוקיינוס,"14.4 ק""ג",https://www.anipet.co.il/product/6036/זוג-שקי-מזון-יבש-לחתול-בוגר-לה-קט-דגי-אוקיינוס
גו מזון יבש לחתול סנסטיביטי דג פורל,"1.8ק""ג",https://www.anipet.co.il/product/6113/גו-מזון-יבש-לחתול-סנסטיביטי-דג-פורל
גו מזון יבש לחתול סנסטיביטי דג פורל,"3.6ק""ג",https://www.anipet.co.il/product/6113/גו-מזון-יבש-לחתול-סנסטיביטי-דג-פורל
גו מזון יבש לחתול סנסטיביטי דג פורל,"7.3ק""ג",https://www.anipet.co.il/product/6113/גו-מזון-יבש-לחתול-סנסטיביטי-דג-פורל
שני שקי אדוונס מזון יבש לחתול בוגר עוף,"6 ק""ג",https://www.anipet.co.il/product/6323/שני-שקי-אדוונס-מזון-יבש-לחתול-בוגר-עוף
שני שקי אדוונס מזון יבש לחתול בוגר עוף ,"30 ק""ג",https://www.anipet.co.il/product/6324/שני-שקי-אדוונס-מזון-יבש-לחתול-בוגר-עוף-
שני שקי אדוונס מזון יבש לחתול צעיר מסורס/מעוקר,"3 ק""ג",https://www.anipet.co.il/product/6325/שני-שקי-אדוונס-מזון-יבש-לחתול-צעיר-מסורסמעוקר
שני שקי אדוונס מזון יבש לחתול בעל רגישויות סלמון,"6 ק""ג",https://www.anipet.co.il/product/6326/שני-שקי-אדוונס-מזון-יבש-לחתול-בעל-רגישויות-סלמון
שני שקי אדוונס מזון יבש לחתול בעל רגישויות סלמון,"20 ק""ג",https://www.anipet.co.il/product/6327/שני-שקי-אדוונס-מזון-יבש-לחתול-בעל-רגישויות-סלמון
שני שקים אדוונס מזון יבש לחתול מעוקר או מסורס ,"6 ק""ג",https://www.anipet.co.il/product/6329/שני-שקים-אדוונס-מזון-יבש-לחתול-מעוקר-או-מסורס-
שני שקים אדוונס מזון יבש לחתול מעוקר או מסורס ,"30 ק""ג",https://www.anipet.co.il/product/6330/שני-שקים-אדוונס-מזון-יבש-לחתול-מעוקר-או-מסורס-
שני שקי אדוונס מזון יבש לחתול סטרלייזד היירבול ,"3 ק""ג",https://www.anipet.co.il/product/6331/שני-שקי-אדוונס-מזון-יבש-לחתול-סטרלייזד-היירבול-
שני שקי אדוונס מזון יבש לחתול סטרלייזד היירבול ,"6 ק""ג",https://www.anipet.co.il/product/6332/שני-שקי-אדוונס-מזון-יבש-לחתול-סטרלייזד-היירבול-
שני שקי אדוונס מזון יבש לחתול סטרלייזד היירבול ,"20 ק""ג",https://www.anipet.co.il/product/6333/שני-שקי-אדוונס-מזון-יבש-לחתול-סטרלייזד-היירבול-
שני שקי אדוונס מזון יבש לחתול בוגר מסורס או חתולה מעוקרת סלמון,"6 ק""ג",https://www.anipet.co.il/product/6336/שני-שקי-אדוונס-מזון-יבש-לחתול-בוגר-מסורס-או-חתולה-מעוקרת-סלמון
שני שקי אדוונס מזון יבש לחתול בוגר מסורס או חתולה מעוקרת סלמון,"20 ק""ג",https://www.anipet.co.il/product/6337/שני-שקי-אדוונס-מזון-יבש-לחתול-בוגר-מסורס-או-חתולה-מעוקרת-סלמון
הילס מזון רפואי לחתול גסטרואינטסטינל ביום	,"1.5ק""ג",https://www.anipet.co.il/product/6454/הילס-מזון-רפואי-לחתול-גסטרואינטסטינל-ביום
הילס מזון רפואי לחתול גסטרואינטסטינל ביום	,"3ק""ג",https://www.anipet.co.il/product/6454/הילס-מזון-רפואי-לחתול-גסטרואינטסטינל-ביום
מזון לחתולים בוגרים הילס סיינס פלאן עוף ללא דגנים,"1.5 ק""ג",https://www.anipet.co.il/product/6532/מזון-לחתולים-בוגרים-הילס-סיינס-פלאן-עוף-ללא-דגנים
מזון לחתולים מבוגרים 7+ הילס סיינס פלאן עוף ללא דגנים,"1.5ק""ג",https://www.anipet.co.il/product/6533/מזון-לחתולים-מבוגרים-7-הילס-סיינס-פלאן-עוף-ללא-דגנים
מזון לחתולים בוגרים הילס סיינס פלאן עור רגיש וקיבה רגישה עוף,"1.5 ק""ג",https://www.anipet.co.il/product/6535/מזון-לחתולים-בוגרים-הילס-סיינס-פלאן-עור-רגיש-וקיבה-רגישה-עוף
מזון לחתולים בוגרים הילס סיינס פלאן בריאות הפה עוף,"1.5 ק""ג",https://www.anipet.co.il/product/6536/מזון-לחתולים-בוגרים-הילס-סיינס-פלאן-בריאות-הפה-עוף
מזון לחתולים בוגרים הילס סיינס פלאן בריאות דרכי השתן עוף,"3ק""ג",https://www.anipet.co.il/product/6537/מזון-לחתולים-בוגרים-הילס-סיינס-פלאן-בריאות-דרכי-השתן-עוף
מזון לחתולים בוגרים הילס סיינס פלאן בריאות דרכי השתן עוף,"7ק""ג",https://www.anipet.co.il/product/6537/מזון-לחתולים-בוגרים-הילס-סיינס-פלאן-בריאות-דרכי-השתן-עוף
מזון לחתולים גורים הילס סיינס פלאן עוף,"1.5ק""ג",https://www.anipet.co.il/product/6541/מזון-לחתולים-גורים-הילס-סיינס-פלאן-עוף
מזון לחתולים גורים הילס סיינס פלאן עוף,"3ק""ג",https://www.anipet.co.il/product/6541/מזון-לחתולים-גורים-הילס-סיינס-פלאן-עוף
מזון לחתולים גורים הילס סיינס פלאן עוף,"7ק""ג",https://www.anipet.co.il/product/6541/מזון-לחתולים-גורים-הילס-סיינס-פלאן-עוף
מזון לחתולים בוגרים הילס סיינס פלאן טונה,"3ק""ג",https://www.anipet.co.il/product/6542/מזון-לחתולים-בוגרים-הילס-סיינס-פלאן-טונה
מזון לחתולים בוגרים הילס סיינס פלאן טונה,"10ק""ג",https://www.anipet.co.il/product/6542/מזון-לחתולים-בוגרים-הילס-סיינס-פלאן-טונה
מזון לחתולים בוגרים הילס סיינס פלאן היירבול + אינדור,"3ק""ג",https://www.anipet.co.il/product/6544/מזון-לחתולים-בוגרים-הילס-סיינס-פלאן-היירבול--אינדור
מזון לחתולים בוגרים הילס סיינס פלאן היירבול + אינדור,"10ק""ג",https://www.anipet.co.il/product/6544/מזון-לחתולים-בוגרים-הילס-סיינס-פלאן-היירבול--אינדור
מזון לחתולים בוגרים הילס סיינס פלאן לייט עוף,"3ק""ג",https://www.anipet.co.il/product/6545/מזון-לחתולים-בוגרים-הילס-סיינס-פלאן-לייט-עוף
מזון לחתולים בוגרים הילס סיינס פלאן לייט עוף,"10ק""ג",https://www.anipet.co.il/product/6545/מזון-לחתולים-בוגרים-הילס-סיינס-פלאן-לייט-עוף
מזון לחתולים מבוגרים 7+ הילס סיינס פלאן עוף,"1.5ק""ג",https://www.anipet.co.il/product/6549/מזון-לחתולים-מבוגרים-7-הילס-סיינס-פלאן-עוף
מזון לחתולים מבוגרים 7+ הילס סיינס פלאן עוף,"3ק""ג",https://www.anipet.co.il/product/6549/מזון-לחתולים-מבוגרים-7-הילס-סיינס-פלאן-עוף
מזון לחתולים בוגרים הילס סיינס פלאן סטרילייזד טונה,"10 ק""ג",https://www.anipet.co.il/product/6550/מזון-לחתולים-בוגרים-הילס-סיינס-פלאן-סטרילייזד-טונה
מזון רפואי לחתולים הילס C/D סטרס + מטבוליק,"3ק""ג",https://www.anipet.co.il/product/6551/מזון-רפואי-לחתולים-הילס-CD-סטרס--מטבוליק
מזון רפואי לחתולים הילס C/D סטרס + מטבוליק,"8ק""ג",https://www.anipet.co.il/product/6551/מזון-רפואי-לחתולים-הילס-CD-סטרס--מטבוליק
 מזון רפואי לחתולים הילס K/D + מוביליטי,"3 ק""ג",https://www.anipet.co.il/product/6552/-מזון-רפואי-לחתולים-הילס-KD--מוביליטי
טרווט מזון רפואי אינטסטינל לחתול,"3 ק""ג",https://www.anipet.co.il/product/6627/טרווט-מזון-רפואי-אינטסטינל-לחתול
מזון יבש סימבה לחתולים עוף ,"2ק""ג",https://www.anipet.co.il/product/6706/מזון-יבש-סימבה-לחתולים-עוף-
מזון יבש סימבה לחתולים עוף ,"20ק""ג",https://www.anipet.co.il/product/6706/מזון-יבש-סימבה-לחתולים-עוף-
"מזון יבש סימבה לחתולים בקר 20 ק""ג	","20 ק""ג",https://www.anipet.co.il/product/6707/מזון-יבש-סימבה-לחתולים-בקר-20-קג
אינסטינקט מזון יבש לחתול בי נטורל,"6 ק""ג",https://www.anipet.co.il/product/6740/אינסטינקט-מזון-יבש-לחתול-בי-נטורל
שני שקים גו מזון יבש לחתול סנסטיבטי LID ברווז נטול דגנים,"7.4 ק""ג",https://www.anipet.co.il/product/6791/שני-שקים-גו-מזון-יבש-לחתול-סנסטיבטי-LID-ברווז-נטול-דגנים
שני שקי גו מזון יבש לחתול קרניבור סלמון ודג קוד,"7.26 ק""ג",https://www.anipet.co.il/product/6792/שני-שקי-גו-מזון-יבש-לחתול-קרניבור-סלמון-ודג-קוד
שני שקי גו מזון יבש לחתול קרניבור כבש וחזיר בר,"7.4 ק""ג",https://www.anipet.co.il/product/6793/שני-שקי-גו-מזון-יבש-לחתול-קרניבור-כבש-וחזיר-בר
"שני שקים גו מזון יבש לחתול קרניבור עוף,הודו וברווז","7.4 ק""ג",https://www.anipet.co.il/product/6794/שני-שקים-גו-מזון-יבש-לחתול-קרניבור-עוףהודו-וברווז
שני שקים גו מזון יבש לחתול סקין אנד קואט עוף ,"7.4 ק""ג",https://www.anipet.co.il/product/6800/שני-שקים-גו-מזון-יבש-לחתול-סקין-אנד-קואט-עוף-
שני שקים נאו מזון לחתול בוגר דגים,"7.2 ק""ג",https://www.anipet.co.il/product/6801/שני-שקים-נאו-מזון-לחתול-בוגר-דגים
שני שקי מזון לחתולים בוגרים נאו,"7.2 ק""ג",https://www.anipet.co.il/product/6802/שני-שקי-מזון-לחתולים-בוגרים-נאו
שני שקים מזון לחתולים מבוגרים נאו,"7.2 ק""ג",https://www.anipet.co.il/product/6804/שני-שקים-מזון-לחתולים-מבוגרים-נאו
שני שקי מזון יבש לחתולים סאמיט שלושה סוגי בשר,"3.6 ק""ג",https://www.anipet.co.il/product/6810/שני-שקי-מזון-יבש-לחתולים-סאמיט-שלושה-סוגי-בשר
שני שקים מזון לחתולים רויאל קנין גורים ,"8 ק""ג",https://www.anipet.co.il/product/6965/שני-שקים-מזון-לחתולים-רויאל-קנין-גורים-
מזון לחתולים פריסקיז אקסטרה קראנץ',"1.4ק""ג",https://www.anipet.co.il/product/7008/מזון-לחתולים-פריסקיז-אקסטרה-קראנץ
מזון לחתולים פריסקיז אקסטרה קראנץ',"7.27ק""ג",https://www.anipet.co.il/product/7008/מזון-לחתולים-פריסקיז-אקסטרה-קראנץ
מזון ג'וסרה ג'וסי קט עוף לחתולים,"18 ק""ג",https://www.anipet.co.il/product/7055/מזון-גוסרה-גוסי-קט-עוף-לחתולים
ג'וסרה קולינס מזון לחתול בוגר בררן ,"משקל 2 ק""ג",https://www.anipet.co.il/product/7143/גוסרה-קולינס-מזון-לחתול-בוגר-בררן-
ג'וסרה קולינס מזון לחתול בוגר בררן ,"משקל 15 ק""ג",https://www.anipet.co.il/product/7143/גוסרה-קולינס-מזון-לחתול-בוגר-בררן-
"2 שקי ג'וסרה קולינס מזון לחתול בוגר בררן 15ק""ג","30 ק""ג",https://www.anipet.co.il/product/7145/2-שקי-גוסרה-קולינס-מזון-לחתול-בוגר-בררן-15קג
Wellness CORE - וולנס קור מזון לחתולים בוגרים,"1.75 ק""ג",https://www.anipet.co.il/product/7168/Wellness-CORE---וולנס-קור-מזון-לחתולים-בוגרים
Wellness CORE - וולנס קור מזון לחתולים בוגרים אריזת חסכון,"4 ק""ג",https://www.anipet.co.il/product/7169/Wellness-CORE---וולנס-קור-מזון-לחתולים-בוגרים-אריזת-חסכון
Wellness CORE - וולנס קור מזון לחתולים מסורסים,"1.75 ק""ג",https://www.anipet.co.il/product/7170/Wellness-CORE---וולנס-קור-מזון-לחתולים-מסורסים
Wellness CORE - וולנס קור מזון לחתולים מסורסים,"4 ק""ג",https://www.anipet.co.il/product/7171/Wellness-CORE---וולנס-קור-מזון-לחתולים-מסורסים
"Wellness CORE - וולנס קור ""אושן"" מזון לחתולים מסורסים","1.75 ק""ג",https://www.anipet.co.il/product/7172/Wellness-CORE---וולנס-קור-אושן-מזון-לחתולים-מסורסים
Wellness CORE - וולנס קור סלמון מזון לחתולים מסורסים אריזת חסכון,"1.75ק""ג",https://www.anipet.co.il/product/7173/Wellness-CORE---וולנס-קור-סלמון-מזון-לחתולים-מסורסים-אריזת-חסכון
Wellness CORE - וולנס קור סלמון מזון לחתולים מסורסים אריזת חסכון,"4ק""ג",https://www.anipet.co.il/product/7173/Wellness-CORE---וולנס-קור-סלמון-מזון-לחתולים-מסורסים-אריזת-חסכון
Wellness CORE - וולנס קור דגים מזון לחתולים בוגרים,"1.75 ק""ג",https://www.anipet.co.il/product/7174/Wellness-CORE---וולנס-קור-דגים-מזון-לחתולים-בוגרים
Wellness CORE - וולנס קור דגים מזון לחתולים בוגרים אריזת חסכון,"4 ק""ג",https://www.anipet.co.il/product/7175/Wellness-CORE---וולנס-קור-דגים-מזון-לחתולים-בוגרים-אריזת-חסכון
מזון לחתול גו קרניבור פורל וסלמון ללא דגנים,"3.7 ק""ג",https://www.anipet.co.il/product/7366/מזון-לחתול-גו-קרניבור-פורל-וסלמון-ללא-דגנים
רויאל קנין מזון רפואי לחתול ניוטרד סטאייטי באלאנס,"3.5 ק""ג",https://www.anipet.co.il/product/7387/רויאל-קנין-מזון-רפואי-לחתול-ניוטרד-סטאייטי-באלאנס
אדוונס מזון רפואי יורינרי לחתול ,"1.5 ק""ג",https://www.anipet.co.il/product/7514/אדוונס-מזון-רפואי-יורינרי-לחתול-
אדוונס מזון רפואי גסטרואנטריטיס לחתול ,"1.5 ק""ג",https://www.anipet.co.il/product/7515/אדוונס-מזון-רפואי-גסטרואנטריטיס-לחתול-
אדוונס מזון רפואי רנאל לחתול ,"1.5 ק""ג",https://www.anipet.co.il/product/7516/אדוונס-מזון-רפואי-רנאל-לחתול-
ויסקאס מזון לחתול בוגר כבש מולטי,"14 ק""ג",https://www.anipet.co.il/product/7561/ויסקאס-מזון-לחתול-בוגר-כבש-מולטי
ויסקאס מזון לחתול בוגר טונה,"14 ק""ג",https://www.anipet.co.il/product/7567/ויסקאס-מזון-לחתול-בוגר-טונה
ויסקאס מזון לחתול בוגר סטרלייזד,"14 ק""ג",https://www.anipet.co.il/product/7568/ויסקאס-מזון-לחתול-בוגר-סטרלייזד
ויסקאס מזון לחתול בוגר כבש מולטי,"3.6 ק""ג",https://www.anipet.co.il/product/7570/ויסקאס-מזון-לחתול-בוגר-כבש-מולטי
מבצע!! ברייקיז מזון יבש לחתול חתול מיקס עוף + 24 פאוץ להקט במתנה,20 גרם,https://www.anipet.co.il/product/7601/מבצע-ברייקיז-מזון-יבש-לחתול-חתול-מיקס-עוף--24-פאוץ-להקט-במתנה
רויאל קנין מזון רפואי לחתול רנל סלקט,"2ק""ג",https://www.anipet.co.il/product/7637/רויאל-קנין-מזון-רפואי-לחתול-רנל-סלקט
רויאל קנין מזון רפואי לחתול רנל סלקט,"4ק""ג",https://www.anipet.co.il/product/7637/רויאל-קנין-מזון-רפואי-לחתול-רנל-סלקט
ברייקיז מזון יבש לחתול בוגר עוף סטרילייזד,"1.5 ק""ג",https://www.anipet.co.il/product/7754/ברייקיז-מזון-יבש-לחתול-בוגר-עוף-סטרילייזד
ברייקיז דלישס מזון יבש לחתול סלמון וטונה,"20 ק""ג",https://www.anipet.co.il/product/7759/ברייקיז-דלישס-מזון-יבש-לחתול-סלמון-וטונה
ברייקיז מזון יבש לחתול עוף וירקות,"15 ק""ג",https://www.anipet.co.il/product/7760/ברייקיז-מזון-יבש-לחתול-עוף-וירקות
מזון יבש לחתול סופר קט,"7 ק""ג",https://www.anipet.co.il/product/7780/מזון-יבש-לחתול-סופר-קט
רויאל קנין מזון רפואי לחתול סטיאטי וויט מאנג'מנט,"3.5 ק""ג",https://www.anipet.co.il/product/7808/רויאל-קנין-מזון-רפואי-לחתול-סטיאטי-וויט-מאנגמנט
"שני שקים מזון לחתולים גו קרניבור עוף, הוד וברווז ללא דגנים","14.25 ק""ג",https://www.anipet.co.il/product/7877/שני-שקים-מזון-לחתולים-גו-קרניבור-עוף-הוד-וברווז-ללא-דגנים
ברייקיז מזון יבש לחתול בוגר סלמון,"3ק""ג",https://www.anipet.co.il/product/7879/ברייקיז-מזון-יבש-לחתול-בוגר-סלמון
ברייקיז מזון יבש לחתול בוגר סלמון,"15ק""ג",https://www.anipet.co.il/product/7879/ברייקיז-מזון-יבש-לחתול-בוגר-סלמון
ברייקיז מזון יבש לחתול בוגר בקר,"15 ק""ג",https://www.anipet.co.il/product/7880/ברייקיז-מזון-יבש-לחתול-בוגר-בקר
ג'וסרה מזון לחתול סנסיקט (רגישויות בקיבה),"10 ק""ג",https://www.anipet.co.il/product/7990/גוסרה-מזון-לחתול-סנסיקט-רגישויות-בקיבה
ג'וסרה מזון לחתול קיטן,"10 ק""ג",https://www.anipet.co.il/product/8001/גוסרה-מזון-לחתול-קיטן
"נוטריאנס מזון יבש לחתול מבשר בקר, בשר ביזון ודגי ים","2.27ק""ג",https://www.anipet.co.il/product/8024/נוטריאנס-מזון-יבש-לחתול-מבשר-בקר-בשר-ביזון-ודגי-ים
"נוטריאנס מזון יבש לחתול מבשר בקר, בשר ביזון ודגי ים","5ק""ג",https://www.anipet.co.il/product/8024/נוטריאנס-מזון-יבש-לחתול-מבשר-בקר-בשר-ביזון-ודגי-ים
"שני שקים מזון לחתולים גו קרניבור עוף, הוד וברווז ללא דגנים","7.26 ק""ג",https://www.anipet.co.il/product/7876/שני-שקים-מזון-לחתולים-גו-קרניבור-עוף-הוד-וברווז-ללא-דגנים
מזון לחתולים פריסקיז אינדור לחתולי בית ,"7.27ק""ג",https://www.anipet.co.il/product/158/מזון-לחתולים-פריסקיז-אינדור-לחתולי-בית-
מזון לחתולים פריסקיז מעדני החתול,"1.43ק""ג",https://www.anipet.co.il/product/159/מזון-לחתולים-פריסקיז-מעדני-החתול
מזון לחתולים פריסקיז מעדני החתול,"7.27ק""ג",https://www.anipet.co.il/product/159/מזון-לחתולים-פריסקיז-מעדני-החתול
מזון לחתולים פריסקיז מעדני הים,"1.43ק""ג",https://www.anipet.co.il/product/160/מזון-לחתולים-פריסקיז-מעדני-הים
מזון לחתולים פריסקיז מעדני הים,"7.27ק""ג",https://www.anipet.co.il/product/160/מזון-לחתולים-פריסקיז-מעדני-הים
מזון לחתולים פריסקיז מעדני השף ,"7.27ק""ג",https://www.anipet.co.il/product/161/מזון-לחתולים-פריסקיז-מעדני-השף-
מזון לחתולים בוגרים הילס סיינס פלאן עוף  ,"1.5ק""ג",https://www.anipet.co.il/product/170/מזון-לחתולים-בוגרים-הילס-סיינס-פלאן-עוף--
מזון לחתולים בוגרים הילס סיינס פלאן עוף  ,"3ק""ג",https://www.anipet.co.il/product/170/מזון-לחתולים-בוגרים-הילס-סיינס-פלאן-עוף--
מזון לחתולים בוגרים הילס סיינס פלאן עוף  ,"10ק""ג",https://www.anipet.co.il/product/170/מזון-לחתולים-בוגרים-הילס-סיינס-פלאן-עוף--
מזון לחתולים בוגרים הילס סיינס פלאן עוף  ,"15ק""ג",https://www.anipet.co.il/product/170/מזון-לחתולים-בוגרים-הילס-סיינס-פלאן-עוף--
מזון לחתולים מבוגרים סניור נאו,"3.6 ק""ג",https://www.anipet.co.il/product/182/מזון-לחתולים-מבוגרים-סניור-נאו
מזון לחתולים בוגרים נאו,"3.6ק""ג",https://www.anipet.co.il/product/184/מזון-לחתולים-בוגרים-נאו
מזון לחתולים בוגרים נאו,"7.3ק""ג",https://www.anipet.co.il/product/184/מזון-לחתולים-בוגרים-נאו
מזון לחתולים בוגרים רויאל קנין אקסיג'נט סאוור,"4 ק""ג",https://www.anipet.co.il/product/204/מזון-לחתולים-בוגרים-רויאל-קנין-אקסיגנט-סאוור
מזון לחתולים בוגרים רויאל קנין פיט 32 ,"4ק""ג",https://www.anipet.co.il/product/205/מזון-לחתולים-בוגרים-רויאל-קנין-פיט-32-
מזון לחתולים בוגרים רויאל קנין פיט 32 ,"15ק""ג",https://www.anipet.co.il/product/205/מזון-לחתולים-בוגרים-רויאל-קנין-פיט-32-
"2 שקי מזון יבש לחתולים רויאל קנין פיט - כל שק 4ק""ג","8 ק""ג",https://www.anipet.co.il/product/207/2-שקי-מזון-יבש-לחתולים-רויאל-קנין-פיט---כל-שק-4קג
מזון לחתולים הסובלים מכדורי שיער רויאל קנין היירבול ,"4ק""ג",https://www.anipet.co.il/product/208/מזון-לחתולים-הסובלים-מכדורי-שיער-רויאל-קנין-היירבול-
מזון לחתולים הסובלים מכדורי שיער רויאל קנין היירבול ,"10ק""ג",https://www.anipet.co.il/product/208/מזון-לחתולים-הסובלים-מכדורי-שיער-רויאל-קנין-היירבול-
מזון יבש לחתול רויאל קנין אינדור,"4 ק""ג",https://www.anipet.co.il/product/209/מזון-יבש-לחתול-רויאל-קנין-אינדור
"2 שקי מזון יבש לחתולים רויאל קנין אינדור - כל שק 4 ק""ג","8 ק""ג",https://www.anipet.co.il/product/210/2-שקי-מזון-יבש-לחתולים-רויאל-קנין-אינדור---כל-שק-4-קג
מזון לחתולים רויאל קנין גורים ,"4ק""ג",https://www.anipet.co.il/product/212/מזון-לחתולים-רויאל-קנין-גורים-
מזון לחתולים רויאל קנין גורים ,"10ק""ג",https://www.anipet.co.il/product/212/מזון-לחתולים-רויאל-קנין-גורים-
מזון לחתולים דל קלוריות לייט  רויאל קנין ,"8 ק""ג",https://www.anipet.co.il/product/214/מזון-לחתולים-דל-קלוריות-לייט--רויאל-קנין-
מזון לחתולים פרסים רויאל קנין ,"4ק""ג",https://www.anipet.co.il/product/217/מזון-לחתולים-פרסים-רויאל-קנין-
מזון לחתולים פרסים רויאל קנין ,"10ק""ג",https://www.anipet.co.il/product/217/מזון-לחתולים-פרסים-רויאל-קנין-
מזון לחתולים רויאל קנין סטרילייז,"4ק""ג",https://www.anipet.co.il/product/223/מזון-לחתולים-רויאל-קנין-סטרילייז
מזון לחתולים רויאל קנין סטרילייז,"10ק""ג",https://www.anipet.co.il/product/223/מזון-לחתולים-רויאל-קנין-סטרילייז
מזון יבש לחתולים סאמיט שלושה סוגי בשר,"1.8ק""ג",https://www.anipet.co.il/product/225/מזון-יבש-לחתולים-סאמיט-שלושה-סוגי-בשר
מזון יבש לחתולים סאמיט שלושה סוגי בשר,"6.8ק""ג",https://www.anipet.co.il/product/225/מזון-יבש-לחתולים-סאמיט-שלושה-סוגי-בשר
מזון יבש לחתול בוגר לה קט עוף ,"2.85ק""ג",https://www.anipet.co.il/product/226/מזון-יבש-לחתול-בוגר-לה-קט-עוף-
מזון יבש לחתול בוגר לה קט עוף ,"7.2ק""ג",https://www.anipet.co.il/product/226/מזון-יבש-לחתול-בוגר-לה-קט-עוף-
מזון יבש לחתול בוגר לה קט עוף ,"15ק""ג",https://www.anipet.co.il/product/226/מזון-יבש-לחתול-בוגר-לה-קט-עוף-
